,qids,top3_topics,top3_scores
0,4641,"['investing', 'banking', 'credit']","[0.4287841320037842, 0.3427979648113251, 0.05681919306516647]"
1,5503,"['taxes', 'regulation', 'investing']","[0.9585870504379272, 0.04324774071574211, 0.01669982261955738]"
2,7803,"['investing', 'banking', 'credit']","[0.8117352724075317, 0.3381434679031372, 0.3063068985939026]"
3,7017,"['investing', 'credit', 'banking']","[0.5106886029243469, 0.2827812731266022, 0.08327654749155045]"
4,10152,"['investing', 'banking', 'credit']","[0.461930513381958, 0.3720417022705078, 0.05114298686385155]"
5,3451,"['investing', 'banking', 'regulation']","[0.9513324499130249, 0.138464093208313, 0.07381121814250946]"
6,4804,"['credit', 'banking', 'investing']","[0.8155697584152222, 0.8139005303382874, 0.547934353351593]"
7,7911,"['investing', 'education', 'banking']","[0.552023708820343, 0.03122848831117153, 0.013515668921172619]"
8,10809,"['banking', 'investing', 'credit']","[0.1447114199399948, 0.11950237303972244, 0.019324738532304764]"
9,6715,"['investing', 'regulation', 'credit']","[0.5690135955810547, 0.13878242671489716, 0.038777466863393784]"
10,2388,"['banking', 'credit', 'regulation']","[0.33534687757492065, 0.18994560837745667, 0.001411435310728848]"
11,753,"['taxes', 'investing', 'regulation']","[0.9771610498428345, 0.01045200601220131, 0.001568458741530776]"
12,4465,"['education', 'credit', 'regulation']","[0.3463985323905945, 0.19520102441310883, 0.010053355246782303]"
13,7326,"['investing', 'credit', 'banking']","[0.4816690683364868, 0.4494934678077698, 0.2647446095943451]"
14,5951,"['investing', 'credit', 'regulation']","[0.051698558032512665, 0.004896869417279959, 0.002412467962130904]"
15,5653,"['investing', 'regulation', 'credit']","[0.9916402101516724, 0.42012321949005127, 0.24829432368278503]"
16,10827,"['investing', 'regulation', 'credit']","[0.9823492169380188, 0.4290560483932495, 0.09523501247167587]"
17,9771,"['investing', 'banking', 'taxes']","[0.5087282657623291, 0.12337922304868698, 0.04452672600746155]"
18,7105,"['investing', 'banking', 'credit']","[0.8683463931083679, 0.11731597781181335, 0.016352908685803413]"
19,9332,"['investing', 'banking', 'regulation']","[0.8820664882659912, 0.15828028321266174, 0.10107316821813583]"
20,3724,"['investing', 'credit', 'banking']","[0.9726506471633911, 0.16157576441764832, 0.11627627909183502]"
21,5853,"['investing', 'credit', 'regulation']","[0.9467032551765442, 0.08346054702997208, 0.014517632313072681]"
22,6832,"['investing', 'banking', 'education']","[0.8037112355232239, 0.08685491979122162, 0.017141247168183327]"
23,6807,"['investing', 'education', 'regulation']","[0.9525690078735352, 0.047498784959316254, 0.009851609356701374]"
24,570,"['investing', 'credit', 'regulation']","[0.8765984177589417, 0.03914438560605049, 0.019882312044501305]"
25,7279,"['investing', 'banking', 'credit']","[0.9932027459144592, 0.4901067912578583, 0.2603646516799927]"
26,594,"['investing', 'regulation', 'credit']","[0.8268850445747375, 0.6194895505905151, 0.5054407715797424]"
27,10122,"['investing', 'credit', 'banking']","[0.9419553279876709, 0.012924612499773502, 0.006910660304129124]"
28,3091,"['regulation', 'credit', 'banking']","[0.15244700014591217, 0.04341243579983711, 0.029333775863051414]"
29,904,"['credit', 'education', 'regulation']","[0.06024615094065666, 0.01668957807123661, 0.015484331175684929]"
30,4037,"['investing', 'credit', 'regulation']","[0.12334480881690979, 0.042241405695676804, 0.03069036267697811]"
31,8537,"['banking', 'investing', 'education']","[0.08582712709903717, 0.08125167340040207, 0.007997109554708004]"
32,3357,"['regulation', 'credit', 'banking']","[0.5968605875968933, 0.5214567184448242, 0.20965735614299774]"
33,1783,"['taxes', 'regulation', 'credit']","[0.756997287273407, 0.002897887723520398, 0.002521940739825368]"
34,6004,"['investing', 'banking', 'education']","[0.10825720429420471, 0.1004478856921196, 0.029430489987134933]"
35,2923,"['credit', 'education', 'banking']","[0.579841136932373, 0.10990530997514725, 0.028977373614907265]"
36,5271,"['regulation', 'credit', 'taxes']","[0.9327146410942078, 0.04170798510313034, 0.00029963787528686225]"
37,2108,"['taxes', 'banking', 'regulation']","[0.9868572354316711, 0.9143158793449402, 0.3760482966899872]"
38,7590,"['investing', 'banking', 'regulation']","[0.9443345069885254, 0.008663216605782509, 0.003453342942520976]"
39,932,"['taxes', 'investing', 'credit']","[0.8725807070732117, 0.2369009554386139, 0.04351165518164635]"
40,5981,"['investing', 'credit', 'regulation']","[0.973582923412323, 0.1331736296415329, 0.031564611941576004]"
41,4837,"['banking', 'credit', 'regulation']","[0.36016735434532166, 0.34581997990608215, 0.07830017805099487]"
42,4415,"['banking', 'investing', 'credit']","[0.0014349191915243864, 0.001352147082798183, 0.0012014155508950353]"
43,1915,"['taxes', 'regulation', 'credit']","[0.9836584329605103, 0.42453733086586, 0.23605649173259735]"
44,8378,"['investing', 'credit', 'banking']","[0.9572328329086304, 0.3641881048679352, 0.20691964030265808]"
45,2316,"['banking', 'regulation', 'taxes']","[0.5685783624649048, 0.09590114653110504, 0.07394130527973175]"
46,8102,"['investing', 'banking', 'credit']","[0.9885503053665161, 0.5464615225791931, 0.4135405123233795]"
47,3405,"['regulation', 'credit', 'investing']","[0.007872972637414932, 0.00418173847720027, 0.0031260938849300146]"
48,7928,"['investing', 'banking', 'credit']","[0.9664432406425476, 0.39394524693489075, 0.09051265567541122]"
49,603,"['education', 'regulation', 'credit']","[0.9962064027786255, 0.3846367597579956, 0.052390892058610916]"
50,1281,"['taxes', 'credit', 'regulation']","[0.9727314114570618, 0.4774070680141449, 0.10060010105371475]"
51,3830,"['investing', 'credit', 'banking']","[0.9877196550369263, 0.34024181962013245, 0.14214164018630981]"
52,3837,"['investing', 'banking', 'regulation']","[0.9836745262145996, 0.6289782524108887, 0.16301226615905762]"
53,4447,"['investing', 'credit', 'regulation']","[0.980133593082428, 0.7878519892692566, 0.06655731797218323]"
54,2376,"['investing', 'regulation', 'credit']","[0.14485220611095428, 0.09830499440431595, 0.011142265982925892]"
55,4777,"['credit', 'investing', 'banking']","[0.1631891280412674, 0.12563936412334442, 0.00863820780068636]"
56,5741,"['investing', 'education', 'credit']","[0.980909526348114, 0.588016927242279, 0.0008822884410619736]"
57,2318,"['taxes', 'education', 'credit']","[0.3546568751335144, 0.004323912784457207, 0.002995171118527651]"
58,620,"['banking', 'credit', 'investing']","[0.8797096610069275, 0.5821147561073303, 0.044657278805971146]"
59,8271,"['credit', 'investing', 'banking']","[0.375365674495697, 0.3349946141242981, 0.331417441368103]"
60,4865,"['investing', 'education', 'credit']","[0.9799504280090332, 0.044715747237205505, 0.04197367653250694]"
61,864,"['credit', 'taxes', 'banking']","[0.40180960297584534, 0.02635984681546688, 0.009047907777130604]"
62,5888,"['banking', 'investing', 'credit']","[0.6491031646728516, 0.5835750699043274, 0.41425618529319763]"
63,2568,"['regulation', 'education', 'credit']","[0.01725347898900509, 0.0013085231184959412, 0.0008572280057705939]"
64,5150,"['credit', 'regulation', 'banking']","[0.8560283780097961, 0.2785446047782898, 0.16258300840854645]"
65,7124,"['investing', 'banking', 'credit']","[0.9193918108940125, 0.33064955472946167, 0.14317718148231506]"
66,2857,"['investing', 'credit', 'education']","[0.9919523000717163, 0.030211925506591797, 0.0011056647635996342]"
67,8539,"['investing', 'credit', 'banking']","[0.9526753425598145, 0.616188645362854, 0.3398047685623169]"
68,6896,"['investing', 'credit', 'taxes']","[0.9619712829589844, 0.6804066896438599, 0.46960005164146423]"
69,1085,"['credit', 'banking', 'taxes']","[0.9169979095458984, 0.005939899478107691, 0.004694092087447643]"
70,5422,"['investing', 'credit', 'education']","[0.9580894112586975, 0.030400466173887253, 0.020726026967167854]"
71,8247,"['investing', 'taxes', 'regulation']","[0.8992412686347961, 0.8787274956703186, 0.003447580384090543]"
72,4946,"['banking', 'investing', 'credit']","[0.873195230960846, 0.7393305897712708, 0.6642466187477112]"
73,10482,"['investing', 'credit', 'banking']","[0.9896284341812134, 0.3798344135284424, 0.14870068430900574]"
74,4571,"['banking', 'investing', 'credit']","[0.9772847890853882, 0.5822714567184448, 0.04885900765657425]"
75,8789,"['investing', 'banking', 'credit']","[0.7728720307350159, 0.4754413962364197, 0.1411375105381012]"
76,8034,"['investing', 'credit', 'banking']","[0.9434168934822083, 0.2744871973991394, 0.0026056573260575533]"
77,4600,"['credit', 'investing', 'regulation']","[0.15847276151180267, 0.074203260242939, 0.00026031918241642416]"
78,2423,"['credit', 'investing', 'banking']","[0.47869765758514404, 0.46854808926582336, 0.12204556167125702]"
79,8475,"['investing', 'regulation', 'banking']","[0.9548906087875366, 0.03751525655388832, 0.0330677255988121]"
80,4523,"['investing', 'credit', 'banking']","[0.9591801166534424, 0.43258556723594666, 0.13568247854709625]"
81,8513,"['investing', 'banking', 'credit']","[0.9576854705810547, 0.2360367476940155, 0.04318622872233391]"
82,1198,"['regulation', 'taxes', 'banking']","[0.4354031980037689, 0.4233644902706146, 0.07872715592384338]"
83,9291,"['investing', 'regulation', 'credit']","[0.9743736982345581, 0.13670596480369568, 0.08697383850812912]"
84,8532,"['credit', 'investing', 'banking']","[0.2150471806526184, 0.06070898845791817, 0.017336159944534302]"
85,1824,"['banking', 'credit', 'investing']","[0.9552880525588989, 0.5327925086021423, 0.5200148820877075]"
86,5054,"['investing', 'credit', 'banking']","[0.9759145379066467, 0.0023523506242781878, 0.0018485448090359569]"
87,1159,"['education', 'credit', 'banking']","[0.24708910286426544, 0.10956812649965286, 0.008376503363251686]"
88,4920,"['investing', 'credit', 'banking']","[0.7983291149139404, 0.5825936198234558, 0.3107745051383972]"
89,68,"['credit', 'regulation', 'investing']","[0.5374758243560791, 0.5018630027770996, 0.47720229625701904]"
90,7269,"['investing', 'credit', 'banking']","[0.9593405723571777, 0.3246806561946869, 0.14332067966461182]"
91,750,"['regulation', 'taxes', 'banking']","[0.9233413338661194, 0.8790584206581116, 0.2373048961162567]"
92,9701,"['investing', 'credit', 'regulation']","[0.9395904541015625, 0.029462894424796104, 0.0016192719340324402]"
93,6199,"['credit', 'banking', 'taxes']","[0.30026617646217346, 0.05163316801190376, 0.011764351278543472]"
94,9126,"['investing', 'education', 'credit']","[0.12209667265415192, 0.05093378946185112, 0.017220184206962585]"
95,34,"['investing', 'credit', 'banking']","[0.5414184927940369, 0.021915679797530174, 0.0073979562148451805]"
96,4011,"['banking', 'regulation', 'credit']","[0.025341220200061798, 0.01779053919017315, 0.011639442294836044]"
97,4700,"['credit', 'banking', 'investing']","[0.9854912757873535, 0.7528368234634399, 0.10600225627422333]"
98,6395,"['investing', 'banking', 'credit']","[0.6028879284858704, 0.029944226145744324, 0.01101243868470192]"
99,852,"['investing', 'credit', 'banking']","[0.9613253474235535, 0.1580624133348465, 0.07011023163795471]"
100,9115,"['investing', 'banking', 'credit']","[0.9670047163963318, 0.4262446463108063, 0.23609107732772827]"
101,1297,"['credit', 'investing', 'regulation']","[0.45166441798210144, 0.07605556398630142, 0.017803682014346123]"
102,5085,"['investing', 'banking', 'credit']","[0.612788200378418, 0.06373216956853867, 0.010010926052927971]"
103,4767,"['credit', 'investing', 'banking']","[0.2883908152580261, 0.07543513178825378, 0.05223534256219864]"
104,2593,"['credit', 'banking', 'education']","[0.9590296149253845, 0.894846498966217, 0.058607518672943115]"
105,2724,"['investing', 'regulation', 'credit']","[0.9702534079551697, 0.10294677317142487, 0.03302387148141861]"
106,11088,"['regulation', 'credit', 'banking']","[0.663731575012207, 0.3980727195739746, 0.022481027990579605]"
107,18,"['banking', 'credit', 'investing']","[0.15488940477371216, 0.08452549576759338, 0.08254317194223404]"
108,109,"['banking', 'regulation', 'credit']","[0.6669401526451111, 0.19302022457122803, 0.15052352845668793]"
109,8351,"['banking', 'investing', 'regulation']","[0.5481427907943726, 0.4116208851337433, 0.07418403029441833]"
110,6131,"['credit', 'banking', 'regulation']","[0.9932044148445129, 0.5615821480751038, 0.08958031982183456]"
111,3480,"['regulation', 'investing', 'banking']","[0.8354852795600891, 0.7583144903182983, 0.5159809589385986]"
112,7992,"['investing', 'regulation', 'credit']","[0.2943335771560669, 0.09275853633880615, 0.033225104212760925]"
113,858,"['investing', 'credit', 'banking']","[0.9835655093193054, 0.15336059033870697, 0.01944877579808235]"
114,4019,"['investing', 'education', 'credit']","[0.9536048769950867, 0.6519403457641602, 0.2689175307750702]"
115,6080,"['investing', 'education', 'credit']","[0.9380561709403992, 0.9220429062843323, 0.636994481086731]"
116,2580,"['investing', 'credit', 'banking']","[0.10003245621919632, 0.0005597641575150192, 0.0003258194774389267]"
117,7513,"['investing', 'credit', 'banking']","[0.9649769067764282, 0.03772498294711113, 0.010379337705671787]"
118,6959,"['investing', 'banking', 'credit']","[0.8445431590080261, 0.10031990706920624, 0.04053689166903496]"
119,5402,"['credit', 'banking', 'regulation']","[0.9896245002746582, 0.0375579297542572, 0.031171413138508797]"
120,4504,"['investing', 'banking', 'credit']","[0.9563837051391602, 0.1772300899028778, 0.153077632188797]"
121,6562,"['banking', 'investing', 'credit']","[0.8766486048698425, 0.17949435114860535, 0.17216777801513672]"
122,4775,"['credit', 'banking', 'investing']","[0.9444641470909119, 0.21397176384925842, 0.05174313113093376]"
123,9565,"['taxes', 'investing', 'credit']","[0.939664900302887, 0.6411499977111816, 0.08337152004241943]"
124,10734,"['banking', 'credit', 'regulation']","[0.13957791030406952, 0.08049428462982178, 0.031178027391433716]"
125,701,"['regulation', 'credit', 'education']","[0.3830593228340149, 0.009241266176104546, 0.003803818253800273]"
126,585,"['investing', 'credit', 'banking']","[0.9163640737533569, 0.01131462212651968, 0.003102375427260995]"
127,8934,"['investing', 'banking', 'credit']","[0.870968222618103, 0.12781263887882233, 0.1126730889081955]"
128,11054,"['taxes', 'investing', 'banking']","[0.994667649269104, 0.9613276720046997, 0.24136535823345184]"
129,56,"['credit', 'investing', 'regulation']","[0.5051561594009399, 0.15846063196659088, 0.13348430395126343]"
130,6862,"['investing', 'credit', 'education']","[0.9473258852958679, 0.24064597487449646, 0.04821355640888214]"
131,9598,"['investing', 'credit', 'banking']","[0.6988224387168884, 0.0031874042470008135, 0.0009322646073997021]"
132,4265,"['taxes', 'credit', 'investing']","[0.5254068374633789, 0.4852224588394165, 0.3397288918495178]"
133,90,"['taxes', 'regulation', 'investing']","[0.9067039489746094, 0.19822922348976135, 0.07726418972015381]"
134,8592,"['taxes', 'investing', 'regulation']","[0.9839698672294617, 0.14595530927181244, 0.05452854558825493]"
135,10547,"['investing', 'credit', 'regulation']","[0.4967433512210846, 0.20178304612636566, 0.1506194770336151]"
136,5231,"['investing', 'credit', 'banking']","[0.7947226762771606, 0.404488205909729, 0.20050714910030365]"
137,7674,"['regulation', 'investing', 'credit']","[0.8445797562599182, 0.19873426854610443, 0.1720273345708847]"
138,3103,"['banking', 'credit', 'regulation']","[0.8507463932037354, 0.790379524230957, 0.15430492162704468]"
139,10137,"['investing', 'credit', 'banking']","[0.9969769716262817, 0.06416282802820206, 0.0008958399412222207]"
140,1415,"['taxes', 'investing', 'regulation']","[0.9181910753250122, 0.5190643072128296, 0.4054487943649292]"
141,5940,"['investing', 'credit', 'banking']","[0.9603082537651062, 0.19012975692749023, 0.12078703939914703]"
142,6612,"['credit', 'investing', 'regulation']","[0.9245734810829163, 0.06871277093887329, 0.01927092857658863]"
143,945,"['taxes', 'investing', 'regulation']","[0.9354265928268433, 0.2919236421585083, 0.15406091511249542]"
144,2549,"['investing', 'credit', 'banking']","[0.7974569201469421, 0.00032193053630180657, 0.0001565762358950451]"
145,4714,"['credit', 'investing', 'banking']","[0.6846829056739807, 0.1868017166852951, 0.12740714848041534]"
146,588,"['investing', 'credit', 'banking']","[0.9694167375564575, 0.8115817904472351, 0.08290053904056549]"
147,4233,"['education', 'credit', 'investing']","[0.7852365970611572, 0.44306638836860657, 0.27705129981040955]"
148,6441,"['investing', 'banking', 'credit']","[0.7771894931793213, 0.12398293614387512, 0.06914612650871277]"
149,8456,"['investing', 'banking', 'credit']","[0.6603732109069824, 0.11689506471157074, 0.04511738941073418]"
150,10213,"['investing', 'credit', 'banking']","[0.8735530972480774, 0.17949806153774261, 0.048252616077661514]"
151,106,"['credit', 'regulation', 'taxes']","[0.10640278458595276, 0.0402190238237381, 0.018508439883589745]"
152,4306,"['education', 'credit', 'investing']","[0.01372345257550478, 0.0076552629470825195, 0.0034661218523979187]"
153,5196,"['credit', 'banking', 'regulation']","[0.9957695007324219, 0.834006130695343, 0.04617832228541374]"
154,3006,"['education', 'investing', 'credit']","[0.930883526802063, 0.08708952367305756, 0.08637038618326187]"
155,7205,"['investing', 'credit', 'banking']","[0.6370136141777039, 0.35632798075675964, 0.16140693426132202]"
156,3909,"['investing', 'banking', 'credit']","[0.632013738155365, 0.6025333404541016, 0.2468460202217102]"
157,4116,"['credit', 'banking', 'taxes']","[0.5670062899589539, 0.10792960971593857, 0.008731297217309475]"
158,4942,"['investing', 'credit', 'banking']","[0.9580952525138855, 0.00864302460104227, 0.004836783744394779]"
159,6907,"['investing', 'banking', 'regulation']","[0.8525310158729553, 0.02171645313501358, 0.0040207295678555965]"
160,5464,"['investing', 'credit', 'regulation']","[0.841893196105957, 0.3598058223724365, 0.001581820659339428]"
161,2385,"['credit', 'regulation', 'taxes']","[0.7608358860015869, 0.35672199726104736, 0.1680276244878769]"
162,691,"['credit', 'banking', 'regulation']","[0.9615558981895447, 0.028646260499954224, 0.01018311083316803]"
163,3177,"['investing', 'education', 'credit']","[0.9948868751525879, 0.013388508930802345, 0.002502437448129058]"
164,10034,"['taxes', 'investing', 'regulation']","[0.9552861452102661, 0.9376881718635559, 0.05358409881591797]"
165,5090,"['education', 'credit', 'regulation']","[0.9837952256202698, 0.4024186134338379, 0.0400846041738987]"
166,2088,"['investing', 'banking', 'regulation']","[0.7300670146942139, 0.21501114964485168, 0.03155578672885895]"
167,9391,"['investing', 'credit', 'banking']","[0.9480254054069519, 0.011033400893211365, 0.010677646845579147]"
168,529,"['investing', 'credit', 'banking']","[0.11364351958036423, 0.06801547855138779, 0.009642546996474266]"
169,2118,"['banking', 'credit', 'regulation']","[0.9614612460136414, 0.3573048710823059, 0.16479802131652832]"
170,3148,"['regulation', 'credit', 'banking']","[0.41239649057388306, 0.09800862520933151, 0.0010712501825764775]"
171,4955,"['investing', 'credit', 'regulation']","[0.8958638310432434, 0.4761675000190735, 0.039434801787137985]"
172,8275,"['investing', 'regulation', 'credit']","[0.9510876536369324, 0.0032316010911017656, 0.0011668322840705514]"
173,4678,"['investing', 'credit', 'banking']","[0.03485036641359329, 0.01893935538828373, 0.01600334420800209]"
174,2398,"['credit', 'taxes', 'regulation']","[0.04178442433476448, 0.000487776764202863, 0.00048348461859859526]"
175,3569,"['banking', 'regulation', 'credit']","[0.9085770845413208, 0.3973332941532135, 0.15612123906612396]"
176,8072,"['investing', 'education', 'regulation']","[0.9827901124954224, 0.33454465866088867, 0.0010863105999305844]"
177,7734,"['investing', 'banking', 'credit']","[0.8773447871208191, 0.004736952017992735, 0.0010179695673286915]"
178,8947,"['investing', 'banking', 'regulation']","[0.9630486965179443, 0.9427992105484009, 0.5093789100646973]"
179,6746,"['investing', 'banking', 'credit']","[0.8972249627113342, 0.19733665883541107, 0.07869789004325867]"
180,5511,"['credit', 'regulation', 'banking']","[0.9169508814811707, 0.1526898741722107, 0.024209264665842056]"
181,6009,"['investing', 'credit', 'banking']","[0.8537107110023499, 0.22163990139961243, 0.19125168025493622]"
182,813,"['taxes', 'investing', 'regulation']","[0.7647637724876404, 0.7027769684791565, 0.001229655696079135]"
183,8834,"['investing', 'banking', 'credit']","[0.9828940033912659, 0.4659133851528168, 0.37629538774490356]"
184,1157,"['taxes', 'regulation', 'credit']","[0.9676620364189148, 0.13548661768436432, 0.05321599543094635]"
185,988,"['investing', 'banking', 'credit']","[0.9562270641326904, 0.23811200261116028, 0.227199986577034]"
186,3369,"['investing', 'regulation', 'credit']","[0.9502465128898621, 0.2897968292236328, 0.12159954756498337]"
187,9296,"['investing', 'credit', 'banking']","[0.9771082401275635, 0.27659088373184204, 0.03993203863501549]"
188,9643,"['investing', 'credit', 'banking']","[0.9480650424957275, 0.3766322731971741, 0.2656558156013489]"
189,9245,"['investing', 'banking', 'credit']","[0.8415547609329224, 0.3088272213935852, 0.04455924779176712]"
190,3490,"['taxes', 'investing', 'credit']","[0.9803862571716309, 0.695586621761322, 0.01608777604997158]"
191,5763,"['credit', 'education', 'banking']","[0.28375357389450073, 0.019741717725992203, 0.01840279810130596]"
192,26,"['credit', 'banking', 'regulation']","[0.9909677505493164, 0.3598661720752716, 0.0031446125358343124]"
193,4962,"['investing', 'credit', 'banking']","[0.8428017497062683, 0.010778139345347881, 0.0038790691178292036]"
194,4846,"['banking', 'investing', 'taxes']","[0.012949283234775066, 0.009228108450770378, 0.0009225077810697258]"
195,2460,"['regulation', 'banking', 'credit']","[0.6984131932258606, 0.09751807153224945, 0.041860129684209824]"
196,9403,"['investing', 'banking', 'credit']","[0.33792585134506226, 0.33431851863861084, 0.005639910697937012]"
197,5646,"['credit', 'banking', 'regulation']","[0.9700679183006287, 0.0387127622961998, 0.021494559943675995]"
198,3503,"['investing', 'credit', 'regulation']","[0.2771671414375305, 0.09358031302690506, 0.014085054397583008]"
199,2676,"['taxes', 'regulation', 'credit']","[0.5298634171485901, 0.010323228314518929, 0.0024070360232144594]"
200,929,"['banking', 'credit', 'investing']","[0.96563720703125, 0.2519870698451996, 0.10941440612077713]"
201,5993,"['banking', 'credit', 'taxes']","[0.5064932703971863, 0.16701361536979675, 0.05419102683663368]"
202,10845,"['investing', 'banking', 'regulation']","[0.2525981664657593, 0.07557500153779984, 0.05440555140376091]"
203,8116,"['investing', 'education', 'banking']","[0.8936814069747925, 0.6054085493087769, 0.2087555229663849]"
204,9633,"['investing', 'education', 'credit']","[0.9413177371025085, 0.876625657081604, 0.004588549491018057]"
205,5710,"['investing', 'credit', 'banking']","[0.9731987118721008, 0.04945820942521095, 0.03185928240418434]"
206,9824,"['investing', 'credit', 'regulation']","[0.9436012506484985, 0.9430921077728271, 0.020215226337313652]"
207,7529,"['investing', 'credit', 'regulation']","[0.9670034646987915, 0.24333027005195618, 0.20695945620536804]"
208,475,"['regulation', 'credit', 'banking']","[0.8565804958343506, 0.21832512319087982, 0.024007784202694893]"
209,5021,"['investing', 'credit', 'banking']","[0.8556520938873291, 0.30516988039016724, 0.20646393299102783]"
210,9548,"['investing', 'credit', 'banking']","[0.9912153482437134, 0.1945459544658661, 0.06414205580949783]"
211,7592,"['credit', 'banking', 'regulation']","[0.126058429479599, 0.1124206930398941, 0.00378221133723855]"
212,2968,"['investing', 'credit', 'regulation']","[0.840404748916626, 0.028369566425681114, 0.013742679730057716]"
213,7758,"['investing', 'education', 'regulation']","[0.9210943579673767, 0.0011662120232358575, 0.0008619618602097034]"
214,3612,"['investing', 'banking', 'regulation']","[0.976392924785614, 0.3519301414489746, 0.25248685479164124]"
215,10596,"['investing', 'credit', 'banking']","[0.5043466687202454, 0.37419965863227844, 0.2567221224308014]"
216,4153,"['investing', 'credit', 'banking']","[0.9380877614021301, 0.021862491965293884, 0.0012106680078431964]"
217,4409,"['investing', 'credit', 'regulation']","[0.7433497309684753, 0.6254138350486755, 0.056462399661540985]"
218,5369,"['credit', 'banking', 'education']","[0.9631189703941345, 0.2025378793478012, 0.014710302464663982]"
219,2070,"['credit', 'banking', 'investing']","[0.9585087299346924, 0.9546195268630981, 0.3352954685688019]"
220,5505,"['credit', 'regulation', 'banking']","[0.7655699253082275, 0.7240884900093079, 0.06142951175570488]"
221,6611,"['investing', 'credit', 'banking']","[0.9161546230316162, 0.09823013842105865, 0.00900781899690628]"
222,11039,"['credit', 'investing', 'banking']","[0.9724283814430237, 0.08803773671388626, 0.0483921580016613]"
223,5460,"['credit', 'banking', 'regulation']","[0.8765357136726379, 0.7008691430091858, 0.008794289082288742]"
224,7925,"['investing', 'banking', 'credit']","[0.8215973973274231, 0.09110146760940552, 0.021861346438527107]"
225,4286,"['investing', 'credit', 'regulation']","[0.9631338119506836, 0.3181231915950775, 0.27508294582366943]"
226,3789,"['regulation', 'credit', 'investing']","[0.7875692248344421, 0.5019477605819702, 0.017206428572535515]"
227,5228,"['banking', 'regulation', 'taxes']","[0.9579741358757019, 0.7802926301956177, 0.6863961219787598]"
228,2685,"['investing', 'credit', 'banking']","[0.24047061800956726, 0.13553433120250702, 0.060278672724962234]"
229,8702,"['investing', 'banking', 'credit']","[0.9324677586555481, 0.5418122410774231, 0.42716237902641296]"
230,1877,"['investing', 'regulation', 'credit']","[0.9792541861534119, 0.32740986347198486, 0.3035464584827423]"
231,10645,"['investing', 'credit', 'education']","[0.8199418187141418, 0.08965323120355606, 0.0697590634226799]"
232,1090,"['investing', 'banking', 'credit']","[0.9706344604492188, 0.6092934608459473, 0.5214724540710449]"
233,7080,"['investing', 'regulation', 'banking']","[0.9740594625473022, 0.37462475895881653, 0.238571435213089]"
234,6122,"['credit', 'regulation', 'investing']","[0.6193444132804871, 0.26226335763931274, 0.19443483650684357]"
235,3682,"['banking', 'credit', 'investing']","[0.747506856918335, 0.3429853618144989, 0.0013393216067925096]"
236,4514,"['investing', 'banking', 'regulation']","[0.5674574971199036, 0.006708106026053429, 0.002990309614688158]"
237,8507,"['investing', 'regulation', 'banking']","[0.9262499213218689, 0.024195386096835136, 0.006278438027948141]"
238,6221,"['education', 'regulation', 'credit']","[0.9986591935157776, 0.054053813219070435, 0.003933214116841555]"
239,1819,"['banking', 'investing', 'credit']","[0.4690336585044861, 0.08501157909631729, 0.03669572249054909]"
240,6468,"['investing', 'banking', 'credit']","[0.8422837257385254, 0.44045889377593994, 0.3989395797252655]"
241,3008,"['credit', 'banking', 'regulation']","[0.9893574118614197, 0.6779639720916748, 0.04227273911237717]"
242,9925,"['investing', 'banking', 'education']","[0.8316039443016052, 0.4563242197036743, 0.026144983246922493]"
243,4007,"['investing', 'credit', 'regulation']","[0.3911374509334564, 0.19475702941417694, 0.16058166325092316]"
244,6644,"['banking', 'credit', 'regulation']","[0.9461044669151306, 0.6953838467597961, 0.11317483335733414]"
245,6420,"['credit', 'investing', 'banking']","[0.06982778012752533, 0.03911466524004936, 0.009011870250105858]"
246,6713,"['credit', 'regulation', 'banking']","[0.45789599418640137, 0.3723977506160736, 0.002622009487822652]"
247,4844,"['investing', 'education', 'credit']","[0.9267199635505676, 0.8583356738090515, 0.4574248194694519]"
248,7463,"['investing', 'credit', 'banking']","[0.9819795489311218, 0.11647334694862366, 0.07577061653137207]"
249,6479,"['investing', 'credit', 'banking']","[0.36321085691452026, 0.15590998530387878, 0.016359224915504456]"
250,10267,"['credit', 'banking', 'investing']","[0.37880152463912964, 0.36571261286735535, 0.09410984069108963]"
251,7622,"['credit', 'banking', 'taxes']","[0.28313302993774414, 0.07082301378250122, 0.0261811725795269]"
252,10979,"['investing', 'credit', 'regulation']","[0.9630416631698608, 0.02009563148021698, 0.011256450787186623]"
253,2498,"['taxes', 'regulation', 'investing']","[0.9719241857528687, 0.09102564305067062, 0.016250111162662506]"
254,2010,"['banking', 'credit', 'education']","[0.04041228070855141, 0.027491416782140732, 0.024485867470502853]"
255,3767,"['credit', 'banking', 'regulation']","[0.15259471535682678, 0.07893460988998413, 0.021014558151364326]"
256,7145,"['investing', 'credit', 'banking']","[0.9341217279434204, 0.21019302308559418, 0.05373343825340271]"
257,6554,"['investing', 'credit', 'banking']","[0.9342727065086365, 0.14833422005176544, 0.007745502050966024]"
258,9556,"['credit', 'investing', 'banking']","[0.10367969423532486, 0.017051124945282936, 0.014841368421912193]"
259,2445,"['regulation', 'taxes', 'investing']","[0.7291706204414368, 0.2570393979549408, 0.029518645256757736]"
260,6410,"['investing', 'banking', 'credit']","[0.9533584713935852, 0.15981319546699524, 0.06630916148424149]"
261,5155,"['regulation', 'credit', 'investing']","[0.1231520026922226, 0.001754901371896267, 0.0002440371026750654]"
262,5030,"['investing', 'banking', 'credit']","[0.7143424153327942, 0.1920682042837143, 0.17760710418224335]"
263,6252,"['banking', 'credit', 'regulation']","[0.01281190849840641, 0.005710740573704243, 0.002122810110449791]"
264,885,"['credit', 'banking', 'regulation']","[0.9839008450508118, 0.7130013108253479, 0.002432977082207799]"
265,7377,"['investing', 'credit', 'banking']","[0.9402985572814941, 0.168046236038208, 0.11067692190408707]"
266,4031,"['credit', 'investing', 'banking']","[0.31875330209732056, 0.011626368388533592, 0.0033285783138126135]"
267,766,"['credit', 'regulation', 'banking']","[0.037965334951877594, 0.013806363567709923, 0.004514544270932674]"
268,8779,"['investing', 'regulation', 'education']","[0.4158325791358948, 0.390196830034256, 0.1271790713071823]"
269,2183,"['banking', 'credit', 'investing']","[0.9736530780792236, 0.5964776873588562, 0.1156492754817009]"
270,6219,"['investing', 'credit', 'regulation']","[0.8216246366500854, 0.01842939853668213, 0.00045587061322294176]"
271,6849,"['investing', 'credit', 'banking']","[0.9486678838729858, 0.0038549993187189102, 0.0009445402538403869]"
272,8079,"['investing', 'banking', 'credit']","[0.7291813492774963, 0.1489543914794922, 0.04119744896888733]"
273,5086,"['credit', 'banking', 'regulation']","[0.10192611068487167, 0.007962829433381557, 0.0006445117760449648]"
274,8202,"['investing', 'credit', 'banking']","[0.9372469782829285, 0.14531028270721436, 0.10230190306901932]"
275,7345,"['investing', 'credit', 'education']","[0.6202244162559509, 0.04348309710621834, 0.005939982365816832]"
276,2648,"['regulation', 'credit', 'banking']","[0.009031860157847404, 0.0012188792461529374, 0.0001955951884156093]"
277,7441,"['investing', 'regulation', 'credit']","[0.6354958415031433, 0.4467795193195343, 0.19747012853622437]"
278,776,"['investing', 'credit', 'banking']","[0.8708686232566833, 0.5391761064529419, 0.17047017812728882]"
279,5125,"['investing', 'credit', 'education']","[0.6861584782600403, 0.5637050867080688, 0.010561121627688408]"
280,89,"['banking', 'credit', 'investing']","[0.9947484135627747, 0.9016304612159729, 0.3102315366268158]"
281,9329,"['investing', 'credit', 'banking']","[0.6047435998916626, 0.10352925956249237, 0.06725151091814041]"
282,2516,"['banking', 'investing', 'regulation']","[0.8872430324554443, 0.20969657599925995, 0.0378459170460701]"
283,6629,"['taxes', 'investing', 'credit']","[0.6886636018753052, 0.15762758255004883, 0.006582457106560469]"
284,8970,"['investing', 'credit', 'banking']","[0.9429624676704407, 0.0054364874958992004, 0.0012980930041521788]"
285,4484,"['credit', 'regulation', 'banking']","[0.9925304055213928, 0.9658415913581848, 0.7499750256538391]"
286,1451,"['credit', 'regulation', 'education']","[0.15800856053829193, 0.0749162882566452, 0.033694908022880554]"
287,1889,"['credit', 'investing', 'regulation']","[0.9040461182594299, 0.05780380964279175, 0.0036567847710102797]"
288,1920,"['education', 'regulation', 'taxes']","[0.987907886505127, 0.8242331743240356, 0.46642473340034485]"
289,8013,"['investing', 'credit', 'banking']","[0.9338060021400452, 0.2237812578678131, 0.06412472575902939]"
290,3759,"['investing', 'banking', 'credit']","[0.20592939853668213, 0.07069414854049683, 0.04465458169579506]"
291,7295,"['investing', 'banking', 'credit']","[0.77288818359375, 0.134245365858078, 0.08182505518198013]"
292,7448,"['investing', 'banking', 'credit']","[0.8896700143814087, 0.20316535234451294, 0.021155135706067085]"
293,7329,"['investing', 'banking', 'credit']","[0.40527603030204773, 0.1826208084821701, 0.06188474968075752]"
294,10639,"['credit', 'regulation', 'banking']","[0.11592552810907364, 0.004990973975509405, 0.0031193243339657784]"
295,6635,"['investing', 'banking', 'credit']","[0.6563329100608826, 0.27697888016700745, 0.26157718896865845]"
296,4312,"['investing', 'banking', 'credit']","[0.9816082715988159, 0.3233882486820221, 0.14031590521335602]"
297,1230,"['regulation', 'credit', 'banking']","[0.07461707293987274, 0.010837065987288952, 0.008706623688340187]"
298,2486,"['credit', 'regulation', 'banking']","[0.4230194091796875, 0.3228164613246918, 0.1338905394077301]"
299,6121,"['credit', 'regulation', 'banking']","[0.9682378172874451, 0.02158433012664318, 0.003906853962689638]"
300,859,"['banking', 'credit', 'investing']","[0.9770408868789673, 0.221035897731781, 0.061945684254169464]"
301,6525,"['investing', 'credit', 'banking']","[0.9876769781112671, 0.7109401822090149, 0.11976171284914017]"
302,2590,"['investing', 'regulation', 'banking']","[0.9080382585525513, 0.6597325801849365, 0.4080009460449219]"
303,3781,"['taxes', 'regulation', 'banking']","[0.9546018838882446, 0.36064034700393677, 0.15425685048103333]"
304,5374,"['investing', 'banking', 'regulation']","[0.940140426158905, 0.11159409582614899, 0.04631907120347023]"
305,1310,"['banking', 'credit', 'investing']","[0.5509442687034607, 0.31031790375709534, 0.06140851229429245]"
306,8005,"['investing', 'education', 'credit']","[0.9657886624336243, 0.7385923266410828, 0.53838711977005]"
307,2994,"['credit', 'regulation', 'investing']","[0.31316402554512024, 0.056090470403432846, 0.041588179767131805]"
308,6142,"['investing', 'credit', 'banking']","[0.6717979311943054, 0.0937957912683487, 0.03512191027402878]"
309,3125,"['regulation', 'credit', 'banking']","[0.9462805986404419, 0.02935001254081726, 0.02251625433564186]"
310,8832,"['investing', 'regulation', 'education']","[0.9575116038322449, 0.004445751663297415, 0.0022792944218963385]"
311,3683,"['investing', 'credit', 'taxes']","[0.881570041179657, 0.5358001589775085, 0.04154210165143013]"
312,939,"['taxes', 'credit', 'regulation']","[0.9848584532737732, 0.21074406802654266, 0.08006446063518524]"
313,7206,"['investing', 'credit', 'banking']","[0.9837476015090942, 0.5656960606575012, 0.4418398141860962]"
314,10246,"['regulation', 'investing', 'credit']","[0.9179404377937317, 0.2890814542770386, 0.09444431215524673]"
315,5241,"['credit', 'investing', 'banking']","[0.016247615218162537, 0.013223066926002502, 0.010762948542833328]"
316,8121,"['investing', 'regulation', 'credit']","[0.9514898657798767, 0.02347436547279358, 0.009920407086610794]"
317,98,"['investing', 'credit', 'regulation']","[0.6535030603408813, 0.17986205220222473, 0.002096540993079543]"
318,5064,"['education', 'credit', 'investing']","[0.7412204146385193, 0.3175864517688751, 0.1365848183631897]"
319,4615,"['investing', 'credit', 'regulation']","[0.9135914444923401, 0.37010034918785095, 0.0005925797740928829]"
320,7467,"['investing', 'credit', 'banking']","[0.6267225742340088, 0.005818289238959551, 0.0012659338535740972]"
321,1676,"['regulation', 'taxes', 'credit']","[0.5156436562538147, 0.18276704847812653, 0.12536181509494781]"
322,503,"['credit', 'banking', 'investing']","[0.9917731881141663, 0.21856549382209778, 0.003612309927120805]"
323,3264,"['credit', 'banking', 'education']","[0.6680794358253479, 0.6175377368927002, 0.01640414632856846]"
324,6467,"['education', 'banking', 'investing']","[0.18761365115642548, 0.07547463476657867, 0.02774776890873909]"
325,4289,"['banking', 'credit', 'investing']","[0.08528254181146622, 0.017444700002670288, 0.002320685423910618]"
326,4394,"['banking', 'credit', 'investing']","[0.9554546475410461, 0.8088233470916748, 0.7711267471313477]"
327,4047,"['investing', 'credit', 'education']","[0.9563344717025757, 0.1310623735189438, 0.005889495834708214]"
328,1815,"['regulation', 'investing', 'credit']","[0.874279260635376, 0.6072856783866882, 0.18401549756526947]"
329,7218,"['investing', 'regulation', 'banking']","[0.8947378993034363, 0.598330557346344, 0.19885294139385223]"
330,8982,"['investing', 'credit', 'education']","[0.9723843336105347, 0.18349803984165192, 0.02070412039756775]"
331,8874,"['investing', 'regulation', 'banking']","[0.8468460440635681, 0.8453130722045898, 0.6179875135421753]"
332,549,"['banking', 'credit', 'regulation']","[0.9751564264297485, 0.18170195817947388, 0.09988870471715927]"
333,2407,"['credit', 'banking', 'regulation']","[0.9795477986335754, 0.7836222052574158, 0.25096458196640015]"
334,8937,"['investing', 'banking', 'credit']","[0.8897274732589722, 0.5505106449127197, 0.16952820122241974]"
335,7344,"['investing', 'banking', 'regulation']","[0.31787386536598206, 0.006546281278133392, 0.004221786744892597]"
336,2856,"['banking', 'credit', 'investing']","[0.9767202138900757, 0.134458526968956, 0.05157618224620819]"
337,7801,"['investing', 'credit', 'taxes']","[0.2837243974208832, 0.06594641506671906, 0.03269766643643379]"
338,2395,"['credit', 'education', 'investing']","[0.139658585190773, 0.029069846495985985, 0.0010472501162439585]"
339,6875,"['investing', 'credit', 'banking']","[0.9312675595283508, 0.5180776715278625, 0.02841811068356037]"
340,6891,"['investing', 'banking', 'credit']","[0.54237300157547, 0.272135853767395, 0.05634055286645889]"
341,7702,"['investing', 'credit', 'education']","[0.9713444709777832, 0.046552956104278564, 0.005611498840153217]"
342,2695,"['investing', 'credit', 'banking']","[0.7746908664703369, 0.03318990394473076, 0.026439286768436432]"
343,5616,"['credit', 'investing', 'banking']","[0.16750366985797882, 0.09675737470388412, 0.07342838495969772]"
344,928,"['credit', 'banking', 'regulation']","[0.8553884625434875, 0.3472442030906677, 0.1722269058227539]"
345,10447,"['investing', 'taxes', 'banking']","[0.9671441316604614, 0.6376587152481079, 0.3158850073814392]"
346,5427,"['taxes', 'regulation', 'credit']","[0.9532111287117004, 0.6922980546951294, 0.016796797513961792]"
347,2587,"['banking', 'credit', 'investing']","[0.86019366979599, 0.2167891412973404, 0.06104113534092903]"
348,5782,"['credit', 'banking', 'regulation']","[0.9860835075378418, 0.8130053877830505, 0.07369156926870346]"
349,9871,"['banking', 'credit', 'investing']","[0.9609910249710083, 0.8991972208023071, 0.5858520865440369]"
350,6668,"['investing', 'credit', 'regulation']","[0.2364349514245987, 0.002424534410238266, 0.00041012451401911676]"
351,1284,"['taxes', 'investing', 'regulation']","[0.6404971480369568, 0.011638004332780838, 0.004560212604701519]"
352,2443,"['banking', 'investing', 'credit']","[0.6817982792854309, 0.14788177609443665, 0.0952078253030777]"
353,3179,"['taxes', 'investing', 'banking']","[0.8595640659332275, 0.25963184237480164, 0.011347662657499313]"
354,3404,"['taxes', 'regulation', 'credit']","[0.9568892121315002, 0.0325985886156559, 0.027139637619256973]"
355,3453,"['investing', 'education', 'banking']","[0.8705599904060364, 0.12816418707370758, 0.0006175908492878079]"
356,5045,"['taxes', 'investing', 'banking']","[0.948273777961731, 0.2247006595134735, 0.08595523238182068]"
357,5808,"['investing', 'banking', 'regulation']","[0.948496401309967, 0.08236978948116302, 0.009765679016709328]"
358,4845,"['investing', 'banking', 'credit']","[0.922243058681488, 0.009887653402984142, 0.004582476802170277]"
359,3625,"['credit', 'banking', 'taxes']","[0.5778434872627258, 0.4807937443256378, 0.41325247287750244]"
360,6679,"['investing', 'credit', 'regulation']","[0.47914019227027893, 0.08682145923376083, 0.07244164496660233]"
361,6005,"['education', 'regulation', 'credit']","[0.9975046515464783, 0.07479287683963776, 0.037464555352926254]"
362,8544,"['investing', 'credit', 'banking']","[0.9310927391052246, 0.31756672263145447, 0.3081566393375397]"
363,4464,"['investing', 'credit', 'regulation']","[0.9344438314437866, 0.05241556465625763, 0.0061120023019611835]"
364,3822,"['investing', 'banking', 'regulation']","[0.6870033740997314, 0.36994656920433044, 0.07160508632659912]"
365,7879,"['investing', 'credit', 'regulation']","[0.9503209590911865, 0.30563437938690186, 0.01709343120455742]"
366,3115,"['credit', 'banking', 'investing']","[0.27462658286094666, 0.03910457342863083, 0.023233750835061073]"
367,8512,"['investing', 'banking', 'credit']","[0.9395957589149475, 0.417385995388031, 0.16417452692985535]"
368,3995,"['banking', 'investing', 'credit']","[0.9751057624816895, 0.2195236086845398, 0.04370784014463425]"
369,559,"['credit', 'banking', 'regulation']","[0.9856085181236267, 0.72604900598526, 0.0730852335691452]"
370,3791,"['banking', 'credit', 'investing']","[0.4222571551799774, 0.4216989278793335, 0.3962738811969757]"
371,8002,"['taxes', 'investing', 'banking']","[0.9504499435424805, 0.6971526741981506, 0.37448811531066895]"
372,4179,"['credit', 'banking', 'investing']","[0.12613821029663086, 0.10441004484891891, 0.012916767969727516]"
373,2891,"['credit', 'banking', 'investing']","[0.8630059957504272, 0.6347503066062927, 0.6014350056648254]"
374,853,"['taxes', 'credit', 'regulation']","[0.952339231967926, 0.07820672541856766, 0.04736190289258957]"
375,10136,"['banking', 'regulation', 'investing']","[0.9275352358818054, 0.04446430131793022, 0.030943337827920914]"
376,8635,"['investing', 'credit', 'banking']","[0.9923942685127258, 0.03344311565160751, 0.01976139098405838]"
377,2513,"['taxes', 'credit', 'regulation']","[0.9508445858955383, 0.32208043336868286, 0.1999402642250061]"
378,5206,"['credit', 'banking', 'regulation']","[0.9879189729690552, 0.2042226791381836, 0.011836674995720387]"
379,8959,"['investing', 'banking', 'regulation']","[0.9349213242530823, 0.13682638108730316, 0.08688323199748993]"
380,4433,"['investing', 'regulation', 'credit']","[0.9767725467681885, 0.09821419417858124, 0.04066510498523712]"
381,4188,"['investing', 'credit', 'regulation']","[0.9844711422920227, 0.281402587890625, 0.0017165289027616382]"
382,2713,"['credit', 'regulation', 'banking']","[0.2153186798095703, 0.04099809750914574, 0.002825712552294135]"
383,9060,"['investing', 'banking', 'credit']","[0.7631927728652954, 0.1849389225244522, 0.15091833472251892]"
384,7098,"['taxes', 'investing', 'banking']","[0.9656121134757996, 0.6262871623039246, 0.19997084140777588]"
385,10628,"['investing', 'banking', 'regulation']","[0.928142786026001, 0.07838978618383408, 0.02294669672846794]"
386,6683,"['investing', 'banking', 'credit']","[0.9157717823982239, 0.32032403349876404, 0.24629776179790497]"
387,10183,"['taxes', 'investing', 'credit']","[0.9457312822341919, 0.3478352129459381, 0.10659659653902054]"
388,3829,"['banking', 'credit', 'investing']","[0.9302618503570557, 0.7643400430679321, 0.019270116463303566]"
389,5585,"['credit', 'banking', 'education']","[0.9776994585990906, 0.5445218086242676, 0.002653730334714055]"
390,4105,"['investing', 'credit', 'banking']","[0.9924959540367126, 0.3246151804924011, 0.014745515771210194]"
391,1074,"['regulation', 'credit', 'taxes']","[0.009533610194921494, 0.005803914275020361, 0.0002810453006532043]"
392,2465,"['investing', 'education', 'banking']","[0.8397589325904846, 0.3174575865268707, 0.21823731064796448]"
393,4640,"['credit', 'taxes', 'investing']","[0.19668413698673248, 0.06342068314552307, 0.05541582405567169]"
394,9275,"['taxes', 'investing', 'banking']","[0.9715207815170288, 0.9673388004302979, 0.28746435046195984]"
395,10497,"['taxes', 'credit', 'regulation']","[0.9698379635810852, 0.3796933591365814, 0.058451540768146515]"
396,9481,"['investing', 'regulation', 'credit']","[0.8103095889091492, 0.3001343011856079, 0.021524108946323395]"
397,3500,"['investing', 'credit', 'regulation']","[0.9387468099594116, 0.028982117772102356, 0.0016615827335044742]"
398,4205,"['credit', 'banking', 'investing']","[0.424455463886261, 0.021278828382492065, 0.003497953061014414]"
399,1306,"['investing', 'banking', 'credit']","[0.9974364638328552, 0.3345624804496765, 0.08500607311725616]"
400,1826,"['regulation', 'credit', 'banking']","[0.3615635633468628, 0.00796583667397499, 0.00045236319419927895]"
401,6262,"['regulation', 'credit', 'investing']","[0.6791084408760071, 0.20616932213306427, 0.007980098947882652]"
402,5347,"['credit', 'regulation', 'banking']","[0.7061319947242737, 0.000946973857935518, 0.0005500165279954672]"
403,4500,"['investing', 'credit', 'banking']","[0.943371057510376, 0.5219712853431702, 0.42488643527030945]"
404,3615,"['investing', 'credit', 'regulation']","[0.9712745547294617, 0.11688117682933807, 0.008541535586118698]"
405,8632,"['investing', 'credit', 'banking']","[0.9448078870773315, 0.643501877784729, 0.34363797307014465]"
406,9979,"['investing', 'banking', 'education']","[0.9118324518203735, 0.014324873685836792, 0.013682438060641289]"
407,9617,"['investing', 'credit', 'education']","[0.8944940567016602, 0.018875066190958023, 0.006852034013718367]"
408,1948,"['banking', 'regulation', 'taxes']","[0.8828611969947815, 0.7493535280227661, 0.14122454822063446]"
409,6133,"['investing', 'banking', 'credit']","[0.2577657997608185, 0.2296803593635559, 0.19313916563987732]"
410,9737,"['investing', 'credit', 'banking']","[0.9929285645484924, 0.037637948989868164, 0.026633942499756813]"
411,3771,"['credit', 'investing', 'banking']","[0.005320311989635229, 0.003297641174867749, 0.002769661834463477]"
412,1736,"['credit', 'banking', 'regulation']","[0.9481068253517151, 0.0029226471669971943, 0.000135189009597525]"
413,5255,"['investing', 'credit', 'banking']","[0.20942701399326324, 0.0316680409014225, 0.003985357470810413]"
414,5380,"['investing', 'banking', 'credit']","[0.9084795713424683, 0.15287494659423828, 0.06455503404140472]"
415,9188,"['investing', 'credit', 'education']","[0.985692024230957, 0.07741346210241318, 0.03151163458824158]"
416,2051,"['investing', 'banking', 'credit']","[0.9875355958938599, 0.006683660671114922, 0.00548982061445713]"
417,5067,"['investing', 'credit', 'banking']","[0.6824496984481812, 0.16063062846660614, 0.06320487707853317]"
418,10414,"['banking', 'investing', 'regulation']","[0.12210030853748322, 0.03280145302414894, 0.004956229589879513]"
419,6814,"['investing', 'regulation', 'credit']","[0.3198850452899933, 0.013189061544835567, 0.011529187671840191]"
420,6146,"['credit', 'banking', 'investing']","[0.991341233253479, 0.6668502688407898, 0.05226250737905502]"
421,4756,"['investing', 'credit', 'banking']","[0.4858715832233429, 0.044880807399749756, 0.033794891089200974]"
422,7754,"['investing', 'banking', 'education']","[0.5169160962104797, 0.2579178512096405, 0.05136016383767128]"
423,2076,"['taxes', 'regulation', 'credit']","[0.14545147120952606, 0.10698502510786057, 0.01390170305967331]"
424,1322,"['investing', 'credit', 'banking']","[0.0033617522567510605, 0.0008748325053602457, 0.0008163457387126982]"
425,2880,"['investing', 'credit', 'regulation']","[0.9651325345039368, 0.48513489961624146, 0.3205823302268982]"
426,5172,"['credit', 'banking', 'regulation']","[0.9731722474098206, 0.8358227610588074, 0.29735565185546875]"
427,5185,"['investing', 'credit', 'regulation']","[0.9784536361694336, 0.06243610009551048, 0.023821813985705376]"
428,9644,"['credit', 'investing', 'banking']","[0.2503507137298584, 0.06568736582994461, 0.0062545896507799625]"
429,6909,"['investing', 'credit', 'banking']","[0.9458373188972473, 0.23040935397148132, 0.17345184087753296]"
430,5906,"['credit', 'banking', 'regulation']","[0.9901996850967407, 0.3386145532131195, 0.18296277523040771]"
431,2348,"['investing', 'banking', 'credit']","[0.8784385919570923, 0.49274349212646484, 0.31750404834747314]"
432,687,"['banking', 'credit', 'regulation']","[0.9514142870903015, 0.7436321973800659, 0.021569758653640747]"
433,8017,"['investing', 'credit', 'regulation']","[0.9815419912338257, 0.0048775146715343, 0.002469429047778249]"
434,8795,"['investing', 'credit', 'regulation']","[0.46369272470474243, 0.00999370962381363, 0.0004135954368393868]"
435,4499,"['investing', 'credit', 'banking']","[0.9889190793037415, 0.0218187402933836, 0.004072501324117184]"
436,9929,"['investing', 'credit', 'regulation']","[0.9872844219207764, 0.0027113165706396103, 0.0002584936155471951]"
437,42,"['regulation', 'credit', 'investing']","[0.08232208341360092, 0.032653532922267914, 0.006356074009090662]"
438,3530,"['investing', 'regulation', 'education']","[0.9354038238525391, 0.015576465986669064, 0.0018005137098953128]"
439,5592,"['credit', 'investing', 'regulation']","[0.19193272292613983, 0.022015919908881187, 0.007470723707228899]"
440,8296,"['investing', 'banking', 'credit']","[0.7150732278823853, 0.29723531007766724, 0.03304271027445793]"
441,659,"['investing', 'credit', 'banking']","[0.6150035262107849, 0.2356652170419693, 0.002517727669328451]"
442,9108,"['investing', 'credit', 'regulation']","[0.9924136400222778, 0.2504647970199585, 0.08749155700206757]"
443,6835,"['taxes', 'investing', 'regulation']","[0.9440595507621765, 0.9065222144126892, 0.19770373404026031]"
444,6803,"['investing', 'banking', 'credit']","[0.9473203420639038, 0.05180108919739723, 0.023244088515639305]"
445,9381,"['investing', 'credit', 'banking']","[0.8778838515281677, 0.188476100564003, 0.01465801615267992]"
446,4414,"['investing', 'credit', 'banking']","[0.9096198081970215, 0.7616186738014221, 0.3070920705795288]"
447,3067,"['banking', 'credit', 'regulation']","[0.818486750125885, 0.03533913195133209, 0.03212212398648262]"
448,4125,"['credit', 'investing', 'banking']","[0.15434904396533966, 0.1454741507768631, 0.10686399787664413]"
449,1150,"['investing', 'credit', 'banking']","[0.4130973517894745, 0.20499251782894135, 0.11822241544723511]"
450,7431,"['investing', 'credit', 'banking']","[0.9199644327163696, 0.574883759021759, 0.5116696357727051]"
451,2384,"['taxes', 'regulation', 'banking']","[0.9918211698532104, 0.23668162524700165, 0.007930547930300236]"
452,895,"['regulation', 'credit', 'investing']","[0.9485356211662292, 0.2839492857456207, 0.200600728392601]"
453,7747,"['investing', 'credit', 'banking']","[0.9242200255393982, 0.22196754813194275, 0.008395889773964882]"
454,879,"['investing', 'credit', 'regulation']","[0.9815221428871155, 0.7573676705360413, 0.0006115047726780176]"
455,8040,"['investing', 'banking', 'regulation']","[0.8524799346923828, 0.7847515940666199, 0.055721838027238846]"
456,3051,"['taxes', 'investing', 'regulation']","[0.8926251530647278, 0.23632694780826569, 0.16694745421409607]"
457,7705,"['investing', 'credit', 'banking']","[0.9897796511650085, 0.10210435837507248, 0.05191132053732872]"
458,10039,"['investing', 'credit', 'banking']","[0.9232885241508484, 0.004213567357510328, 0.0012587620876729488]"
459,9808,"['credit', 'banking', 'regulation']","[0.922910749912262, 0.01522022858262062, 0.014164862222969532]"
460,7188,"['investing', 'banking', 'credit']","[0.8508098125457764, 0.019260788336396217, 0.018658911809325218]"
461,4813,"['credit', 'banking', 'regulation']","[0.021254887804389, 0.007073241285979748, 0.0005731272976845503]"
462,3888,"['banking', 'regulation', 'credit']","[0.970187246799469, 0.474347323179245, 0.013319366611540318]"
463,10109,"['investing', 'regulation', 'banking']","[0.9498558640480042, 0.8989169597625732, 0.6888055205345154]"
464,957,"['banking', 'regulation', 'investing']","[0.6464139223098755, 0.14193598926067352, 0.1309940665960312]"
465,10601,"['investing', 'banking', 'regulation']","[0.9038670659065247, 0.11431515216827393, 0.005931779742240906]"
466,1871,"['banking', 'credit', 'investing']","[0.9068788886070251, 0.11083005368709564, 0.03353032097220421]"
467,5331,"['credit', 'banking', 'investing']","[0.012142296880483627, 0.008877342566847801, 0.002732994966208935]"
468,2790,"['investing', 'credit', 'regulation']","[0.6981044411659241, 0.1302306354045868, 0.09969397634267807]"
469,9882,"['investing', 'regulation', 'banking']","[0.9202046394348145, 0.02158518321812153, 0.0023840274661779404]"
470,4999,"['banking', 'credit', 'investing']","[0.05702904239296913, 0.04760041460394859, 0.012682285159826279]"
471,4142,"['banking', 'investing', 'credit']","[0.01899201050400734, 0.017282893881201744, 0.01565636321902275]"
472,3189,"['investing', 'credit', 'banking']","[0.9835463762283325, 0.15840475261211395, 0.02953040413558483]"
473,5134,"['investing', 'credit', 'banking']","[0.9868586659431458, 0.35068994760513306, 0.10825357586145401]"
474,1321,"['investing', 'credit', 'regulation']","[0.2667893171310425, 0.024099202826619148, 0.002876266371458769]"
475,10710,"['investing', 'banking', 'credit']","[0.7108224034309387, 0.5501077771186829, 0.1953171193599701]"
476,6890,"['investing', 'credit', 'regulation']","[0.9888827204704285, 0.0006126040825620294, 0.00035334331914782524]"
477,3049,"['taxes', 'regulation', 'credit']","[0.975226879119873, 0.03106672689318657, 0.02101045474410057]"
478,849,"['regulation', 'credit', 'banking']","[0.45453059673309326, 0.23096278309822083, 0.18480513989925385]"
479,4539,"['investing', 'credit', 'banking']","[0.654754102230072, 0.584391713142395, 0.46740731596946716]"
480,4084,"['banking', 'investing', 'credit']","[0.013008822686970234, 0.012274539098143578, 0.0018647747347131371]"
481,715,"['credit', 'investing', 'banking']","[0.4852437674999237, 0.09526899456977844, 0.059017617255449295]"
482,2416,"['banking', 'investing', 'credit']","[0.13070324063301086, 0.12464757263660431, 0.05361245200037956]"
483,7509,"['investing', 'education', 'credit']","[0.9834854006767273, 0.039617590606212616, 0.02279309183359146]"
484,2204,"['credit', 'regulation', 'investing']","[0.000901866122148931, 0.0004245945892762393, 0.00010324871982447803]"
485,9646,"['investing', 'banking', 'credit']","[0.9510189294815063, 0.33979424834251404, 0.22877758741378784]"
486,2334,"['investing', 'banking', 'credit']","[0.3952081799507141, 0.2580571472644806, 0.07895279675722122]"
487,2903,"['taxes', 'credit', 'regulation']","[0.9819194078445435, 0.04294522479176521, 0.02937202900648117]"
488,4827,"['credit', 'investing', 'banking']","[0.62465900182724, 0.617581307888031, 0.25052687525749207]"
489,5534,"['credit', 'taxes', 'banking']","[0.37875688076019287, 0.15494465827941895, 0.11687585711479187]"
490,9668,"['investing', 'regulation', 'credit']","[0.810862123966217, 0.006487808655947447, 0.004817544016987085]"
491,1530,"['taxes', 'regulation', 'credit']","[0.8576457500457764, 0.5327761769294739, 0.0063257296569645405]"
492,504,"['credit', 'banking', 'investing']","[0.994450569152832, 0.6441413760185242, 0.23082607984542847]"
493,721,"['investing', 'banking', 'credit']","[0.9554411172866821, 0.20733605325222015, 0.09162794053554535]"
494,2296,"['banking', 'credit', 'investing']","[0.9804365634918213, 0.7755997776985168, 0.01090079452842474]"
495,3186,"['regulation', 'banking', 'investing']","[0.40646323561668396, 0.3127240836620331, 0.04950631782412529]"
496,10975,"['investing', 'regulation', 'credit']","[0.9713090062141418, 0.35097235441207886, 0.21240447461605072]"
497,3859,"['investing', 'credit', 'regulation']","[0.9808333516120911, 0.041595060378313065, 0.01009818259626627]"
498,1994,"['regulation', 'taxes', 'credit']","[0.6798482537269592, 0.6267697215080261, 0.3955608606338501]"
499,6647,"['investing', 'banking', 'regulation']","[0.6108745336532593, 0.23012934625148773, 0.2229587435722351]"
500,9164,"['investing', 'credit', 'banking']","[0.9533985257148743, 0.0033020658884197474, 0.001049537560902536]"
501,1812,"['banking', 'credit', 'regulation']","[0.39340299367904663, 0.3017466068267822, 0.06020987406373024]"
502,10462,"['regulation', 'credit', 'investing']","[0.06214118376374245, 0.04419143125414848, 0.03594930097460747]"
503,8855,"['investing', 'education', 'credit']","[0.9662106037139893, 0.0029896926134824753, 0.0013346632476896048]"
504,7594,"['banking', 'credit', 'investing']","[0.8443390130996704, 0.5714505314826965, 0.09600304067134857]"
505,4968,"['investing', 'banking', 'credit']","[0.8930698037147522, 0.13229462504386902, 0.03872815892100334]"
506,7876,"['investing', 'credit', 'regulation']","[0.9681604504585266, 0.003209994174540043, 0.0015508460346609354]"
507,7071,"['investing', 'banking', 'credit']","[0.8284820318222046, 0.1158531904220581, 0.09594462811946869]"
508,3534,"['regulation', 'banking', 'investing']","[0.118936687707901, 0.04668688029050827, 0.026261575520038605]"
509,8974,"['investing', 'regulation', 'banking']","[0.9891608357429504, 0.005877290386706591, 0.0057745096273720264]"
510,10912,"['investing', 'credit', 'banking']","[0.9856125712394714, 0.0008178930729627609, 0.00017918820958584547]"
511,2737,"['investing', 'credit', 'banking']","[0.5460681319236755, 0.3928143382072449, 0.24747994542121887]"
512,2964,"['credit', 'investing', 'regulation']","[0.6645276546478271, 0.007648179307579994, 0.004158651456236839]"
513,5178,"['credit', 'investing', 'banking']","[0.5401991605758667, 0.4853250980377197, 0.04506637901067734]"
514,5061,"['taxes', 'regulation', 'credit']","[0.7647929787635803, 0.07773720473051071, 0.033864155411720276]"
515,7880,"['investing', 'banking', 'credit']","[0.9356006383895874, 0.13091915845870972, 0.10688640177249908]"
516,9385,"['investing', 'banking', 'credit']","[0.9743124842643738, 0.05391861870884895, 0.005009843502193689]"
517,4411,"['regulation', 'credit', 'investing']","[0.05496490001678467, 0.00543935364112258, 0.004133717156946659]"
518,515,"['banking', 'credit', 'investing']","[0.8549562096595764, 0.6467282176017761, 0.5722194910049438]"
519,2075,"['investing', 'credit', 'education']","[0.813452422618866, 0.4402763247489929, 0.001908688573166728]"
520,8230,"['investing', 'regulation', 'banking']","[0.943183422088623, 0.0071324678137898445, 0.007102213799953461]"
521,4335,"['taxes', 'investing', 'banking']","[0.9661090970039368, 0.03283102437853813, 0.014299154281616211]"
522,7533,"['investing', 'taxes', 'credit']","[0.9841921329498291, 0.48785239458084106, 0.009917265735566616]"
523,5683,"['investing', 'credit', 'education']","[0.8761939406394958, 0.19368773698806763, 0.05388910695910454]"
524,4785,"['credit', 'investing', 'banking']","[0.6139359474182129, 0.6055407524108887, 0.3832615911960602]"
525,7456,"['investing', 'banking', 'credit']","[0.47236695885658264, 0.21775589883327484, 0.08702532202005386]"
526,3528,"['credit', 'banking', 'regulation']","[0.9914501309394836, 0.7111524939537048, 0.05294329673051834]"
527,1393,"['taxes', 'credit', 'regulation']","[0.15861788392066956, 0.0631648376584053, 0.013683028519153595]"
528,9487,"['investing', 'banking', 'regulation']","[0.7507821917533875, 0.5509558916091919, 0.4433765113353729]"
529,10792,"['investing', 'taxes', 'credit']","[0.8024130463600159, 0.41047418117523193, 0.288455605506897]"
530,5264,"['investing', 'banking', 'credit']","[0.6276979446411133, 0.16925105452537537, 0.01391075924038887]"
531,9733,"['education', 'investing', 'banking']","[0.24530471861362457, 0.05424531176686287, 0.04234887659549713]"
532,4339,"['investing', 'credit', 'regulation']","[0.8377943634986877, 0.7833355665206909, 0.012888524681329727]"
533,7311,"['investing', 'credit', 'banking']","[0.8168779015541077, 0.1785918027162552, 0.12617850303649902]"
534,744,"['credit', 'regulation', 'banking']","[0.9733633995056152, 0.03417041152715683, 0.02092490717768669]"
535,7141,"['investing', 'credit', 'banking']","[0.9640886783599854, 0.28137633204460144, 0.23134547472000122]"
536,672,"['banking', 'credit', 'investing']","[0.9254329204559326, 0.88456791639328, 0.0043242559768259525]"
537,6002,"['banking', 'credit', 'regulation']","[0.887823224067688, 0.801507294178009, 0.1346970945596695]"
538,4071,"['investing', 'banking', 'credit']","[0.9151509404182434, 0.07773711532354355, 0.00416046567261219]"
539,4103,"['investing', 'credit', 'regulation']","[0.6316932439804077, 0.497545450925827, 0.036986541002988815]"
540,1441,"['investing', 'banking', 'education']","[0.8581759333610535, 0.14318329095840454, 0.10528265684843063]"
541,3254,"['investing', 'banking', 'credit']","[0.08494200557470322, 0.010992396622896194, 0.007623124867677689]"
542,7512,"['investing', 'education', 'banking']","[0.6264590620994568, 0.5808520317077637, 0.11103595048189163]"
543,2589,"['investing', 'banking', 'credit']","[0.9535917043685913, 0.3037181794643402, 0.15681980550289154]"
544,2598,"['credit', 'banking', 'regulation']","[0.11179254204034805, 0.05239126831293106, 0.044262297451496124]"
545,6800,"['investing', 'credit', 'regulation']","[0.9666298627853394, 0.4025072455406189, 0.31703659892082214]"
546,1391,"['regulation', 'taxes', 'credit']","[0.906247615814209, 0.8223169445991516, 0.027320818975567818]"
547,6278,"['credit', 'banking', 'regulation']","[0.9874433279037476, 0.08492131531238556, 0.023440644145011902]"
548,7534,"['investing', 'credit', 'banking']","[0.9423473477363586, 0.5168390274047852, 0.35403501987457275]"
549,5356,"['investing', 'credit', 'education']","[0.8703770637512207, 0.19484606385231018, 0.0050144619308412075]"
550,2579,"['banking', 'credit', 'regulation']","[0.05948128178715706, 0.05497460812330246, 0.05354434251785278]"
551,9961,"['investing', 'credit', 'regulation']","[0.9816547632217407, 0.03388635069131851, 0.018400250002741814]"
552,7484,"['investing', 'banking', 'credit']","[0.8754093050956726, 0.6425065994262695, 0.3652746081352234]"
553,5790,"['taxes', 'regulation', 'credit']","[0.52044278383255, 0.22768175601959229, 0.15384164452552795]"
554,7823,"['investing', 'credit', 'regulation']","[0.9979993104934692, 0.006550550926476717, 0.0014865334378555417]"
555,689,"['credit', 'banking', 'regulation']","[0.9835871458053589, 0.912668764591217, 0.09229668974876404]"
556,604,"['taxes', 'investing', 'regulation']","[0.9316790699958801, 0.27399566769599915, 0.08869680762290955]"
557,9174,"['investing', 'credit', 'banking']","[0.6710360646247864, 0.18966934084892273, 0.02829664945602417]"
558,6867,"['investing', 'credit', 'banking']","[0.7964862585067749, 0.04659612476825714, 0.029998958110809326]"
559,5970,"['investing', 'regulation', 'credit']","[0.3548302948474884, 0.0319521464407444, 0.011669151484966278]"
560,4681,"['credit', 'banking', 'investing']","[0.28468841314315796, 0.2058870792388916, 0.17721648514270782]"
561,1670,"['investing', 'credit', 'regulation']","[0.9933058023452759, 0.7446386814117432, 0.061180319637060165]"
562,6901,"['regulation', 'banking', 'investing']","[0.9794663190841675, 0.8588439226150513, 0.7031862735748291]"
563,10808,"['investing', 'credit', 'banking']","[0.9461287260055542, 0.22787520289421082, 0.04768257960677147]"
564,2383,"['regulation', 'investing', 'credit']","[0.4673627018928528, 0.24783171713352203, 0.1895710676908493]"
565,3085,"['investing', 'regulation', 'credit']","[0.9482533931732178, 0.4550498127937317, 0.19376957416534424]"
566,104,"['investing', 'credit', 'banking']","[0.9720925092697144, 0.11372815817594528, 0.09167199581861496]"
567,5083,"['credit', 'banking', 'regulation']","[0.9385392069816589, 0.3511506915092468, 0.33692845702171326]"
568,684,"['taxes', 'investing', 'credit']","[0.8405472040176392, 0.19451937079429626, 0.12001346051692963]"
569,10674,"['investing', 'banking', 'education']","[0.5241642594337463, 0.09577136486768723, 0.08499071002006531]"
570,3594,"['credit', 'banking', 'regulation']","[0.9692923426628113, 0.7825092673301697, 0.06307746469974518]"
571,10526,"['investing', 'banking', 'credit']","[0.5385544300079346, 0.4507390558719635, 0.24984855949878693]"
572,2181,"['education', 'credit', 'banking']","[0.33783283829689026, 0.32298028469085693, 0.16051025688648224]"
573,10994,"['investing', 'regulation', 'credit']","[0.8507131934165955, 0.047677721828222275, 0.02433643862605095]"
574,5903,"['investing', 'credit', 'banking']","[0.9789122343063354, 0.029048779979348183, 0.004161640536040068]"
575,5620,"['banking', 'credit', 'regulation']","[0.0015860986895859241, 0.0007188614108599722, 0.00014583594747819006]"
576,5254,"['investing', 'credit', 'regulation']","[0.9830410480499268, 0.001172247459180653, 0.000998899806290865]"
577,7221,"['credit', 'banking', 'regulation']","[0.1995657980442047, 0.01646921969950199, 0.009605717845261097]"
578,3446,"['credit', 'regulation', 'investing']","[0.010035098530352116, 0.008630484342575073, 0.003139457432553172]"
579,7936,"['investing', 'banking', 'regulation']","[0.9155059456825256, 0.20183011889457703, 0.06508780270814896]"
580,2472,"['banking', 'taxes', 'credit']","[0.3307255804538727, 0.2529328465461731, 0.2233286052942276]"
581,2306,"['credit', 'banking', 'regulation']","[0.991783618927002, 0.7287404537200928, 0.18561166524887085]"
582,7633,"['investing', 'banking', 'credit']","[0.6034458875656128, 0.43182191252708435, 0.3116152584552765]"
583,2400,"['investing', 'banking', 'regulation']","[0.9687617421150208, 0.2844711244106293, 0.1312226802110672]"
584,5549,"['investing', 'credit', 'regulation']","[0.9483949542045593, 0.36903294920921326, 0.007966052740812302]"
585,1832,"['investing', 'credit', 'education']","[0.941261351108551, 0.2586131989955902, 0.05271711200475693]"
586,2749,"['investing', 'credit', 'regulation']","[0.6551331281661987, 0.07702068239450455, 0.020091015845537186]"
587,3801,"['credit', 'investing', 'regulation']","[0.8755075931549072, 0.8024479150772095, 0.34631484746932983]"
588,3735,"['investing', 'credit', 'regulation']","[0.5038798451423645, 0.046147823333740234, 0.0014164344174787402]"
589,622,"['banking', 'investing', 'credit']","[0.978509247303009, 0.8298369646072388, 0.7016016840934753]"
590,9088,"['banking', 'credit', 'investing']","[0.028599390760064125, 0.005684691946953535, 0.003050571773201227]"
591,4605,"['banking', 'credit', 'investing']","[0.9622581601142883, 0.7326189875602722, 0.02252870611846447]"
592,2330,"['credit', 'banking', 'regulation']","[0.30852723121643066, 0.07655229419469833, 0.023346034809947014]"
593,6792,"['investing', 'banking', 'credit']","[0.9513610005378723, 0.016582461073994637, 0.0090357456356287]"
594,6625,"['investing', 'credit', 'banking']","[0.7757260203361511, 0.07728131115436554, 0.03092113509774208]"
595,2885,"['investing', 'credit', 'regulation']","[0.2141789048910141, 0.1070285215973854, 0.011307893320918083]"
596,15,"['regulation', 'banking', 'credit']","[0.1912800371646881, 0.025232473388314247, 0.01018779817968607]"
597,6110,"['credit', 'regulation', 'banking']","[0.12708209455013275, 0.06105385348200798, 0.01395676750689745]"
598,4823,"['credit', 'banking', 'regulation']","[0.7958765625953674, 0.20817510783672333, 0.015281365253031254]"
599,3694,"['credit', 'investing', 'banking']","[0.16735370457172394, 0.01485325489193201, 0.003480193903669715]"
600,8,"['banking', 'credit', 'investing']","[0.9855681657791138, 0.9151755571365356, 0.12469450384378433]"
601,1309,"['banking', 'credit', 'regulation']","[0.9955889582633972, 0.8005169630050659, 0.12253126502037048]"
602,3039,"['taxes', 'regulation', 'credit']","[0.9837741255760193, 0.21271927654743195, 0.15956570208072662]"
603,699,"['credit', 'regulation', 'banking']","[0.004447977989912033, 0.002130131470039487, 0.0005998199922032654]"
604,7109,"['investing', 'banking', 'credit']","[0.1258600354194641, 0.03714174032211304, 0.028913559392094612]"
605,5080,"['banking', 'regulation', 'investing']","[0.9229768514633179, 0.14041869342327118, 0.032933928072452545]"
606,4981,"['investing', 'banking', 'credit']","[0.8007321357727051, 0.08773721754550934, 0.048507820814847946]"
607,3875,"['taxes', 'credit', 'banking']","[0.6850116848945618, 0.590684175491333, 0.38934412598609924]"
608,3932,"['credit', 'investing', 'regulation']","[0.09967491775751114, 0.07542949914932251, 0.00019483604410197586]"
609,3934,"['investing', 'regulation', 'credit']","[0.08780701458454132, 0.07720085978507996, 0.003464417066425085]"
610,7445,"['investing', 'credit', 'banking']","[0.9733718037605286, 0.04107234254479408, 0.006626007612794638]"
611,2264,"['taxes', 'credit', 'regulation']","[0.9259804487228394, 0.1828191876411438, 0.0013830841053277254]"
612,2895,"['investing', 'credit', 'banking']","[0.7210201621055603, 0.3562295734882355, 0.2434033900499344]"
613,6787,"['taxes', 'investing', 'banking']","[0.9210674166679382, 0.707305908203125, 0.1796140968799591]"
614,7096,"['investing', 'banking', 'credit']","[0.7186506390571594, 0.20864304900169373, 0.03356711566448212]"
615,2747,"['education', 'taxes', 'regulation']","[0.9838091731071472, 0.9344527125358582, 0.24048709869384766]"
616,1933,"['credit', 'regulation', 'taxes']","[0.29598748683929443, 0.16938342154026031, 0.004445235710591078]"
617,1748,"['investing', 'credit', 'education']","[0.7266675233840942, 0.5578174591064453, 0.3375422954559326]"
618,9735,"['investing', 'banking', 'credit']","[0.5002732872962952, 0.044530875980854034, 0.004700003191828728]"
619,5862,"['credit', 'regulation', 'investing']","[0.67585688829422, 0.09788964688777924, 0.061028942465782166]"
620,10932,"['investing', 'banking', 'credit']","[0.9753599166870117, 0.6010147929191589, 0.03275381401181221]"
621,6041,"['investing', 'credit', 'banking']","[0.4396960735321045, 0.23287591338157654, 0.10804450511932373]"
622,7178,"['investing', 'regulation', 'banking']","[0.8713827729225159, 0.32339003682136536, 0.16167627274990082]"
623,7068,"['investing', 'credit', 'banking']","[0.4269273281097412, 0.07301010191440582, 0.002741369651630521]"
624,7700,"['investing', 'credit', 'banking']","[0.9891774654388428, 0.649198055267334, 0.4360238015651703]"
625,10558,"['investing', 'credit', 'regulation']","[0.9809620976448059, 0.020710531622171402, 0.0027875022497028112]"
626,3014,"['investing', 'credit', 'banking']","[0.8372648358345032, 0.0814775601029396, 0.003499436192214489]"
627,4863,"['investing', 'credit', 'regulation']","[0.8358826041221619, 0.3619345724582672, 0.14362771809101105]"
628,3149,"['credit', 'regulation', 'banking']","[0.09544318169355392, 0.0789516419172287, 0.029799209907650948]"
629,1416,"['credit', 'investing', 'regulation']","[0.8216968178749084, 0.35523703694343567, 0.2562601864337921]"
630,2801,"['banking', 'regulation', 'investing']","[0.9666264057159424, 0.29323768615722656, 0.11902604252099991]"
631,5343,"['credit', 'regulation', 'investing']","[0.9727752208709717, 0.23623616993427277, 0.05407164990901947]"
632,547,"['investing', 'banking', 'regulation']","[0.8039112687110901, 0.2978893220424652, 0.034427739679813385]"
633,6985,"['credit', 'investing', 'banking']","[0.9458209872245789, 0.3827384114265442, 0.0003154591249767691]"
634,2154,"['taxes', 'credit', 'regulation']","[0.965656578540802, 0.3068316578865051, 0.022084137424826622]"
635,3394,"['investing', 'credit', 'education']","[0.8853486776351929, 0.09023043513298035, 0.01692621409893036]"
636,5410,"['credit', 'regulation', 'banking']","[0.5020116567611694, 0.22423112392425537, 0.013165470212697983]"
637,810,"['banking', 'taxes', 'regulation']","[0.9658666253089905, 0.4001322388648987, 0.3418717682361603]"
638,3033,"['taxes', 'regulation', 'investing']","[0.9160740375518799, 0.01901569776237011, 0.0005622982862405479]"
639,8332,"['investing', 'banking', 'education']","[0.9386184811592102, 0.21846738457679749, 0.03641612082719803]"
640,1469,"['investing', 'banking', 'credit']","[0.5382962822914124, 0.3524121940135956, 0.30355870723724365]"
641,10812,"['taxes', 'regulation', 'credit']","[0.9465392231941223, 0.06210822984576225, 0.0029208676423877478]"
642,3512,"['credit', 'investing', 'education']","[0.5746724009513855, 0.3845781981945038, 0.27265214920043945]"
643,4102,"['investing', 'banking', 'credit']","[0.9342626929283142, 0.4654264748096466, 0.3658978343009949]"
644,3566,"['investing', 'credit', 'banking']","[0.8451239466667175, 0.06888141483068466, 0.028397396206855774]"
645,94,"['credit', 'taxes', 'regulation']","[0.9780347347259521, 0.12368687987327576, 0.01246633380651474]"
646,2551,"['investing', 'credit', 'regulation']","[0.0919739380478859, 0.0036584404297173023, 0.002488840138539672]"
647,2399,"['investing', 'banking', 'credit']","[0.304109126329422, 0.10048604011535645, 0.007128400262445211]"
